Title,Body,Score,Created,Cleaned_Body
FBI: Son of suspect in Trump assassination attempt arrested on child sexual abuse images charges,,8360,2024-09-24 15:41:15,fbi son suspect trump assassination attempt arrested child sexual abuse images charges
MrBeast is YouTube's biggest star - now he faces 54-page lawsuit,,15170,2024-09-24 12:26:08,mrbeast youtubes biggest star faces page lawsuit
21-year-old climber dies after sustaining 'major injuries' in fall off Devil's Tower,,3587,2024-09-24 15:51:54,yearold climber dies sustaining major injuries fall devils tower
Brett Favre reveals Parkinson's diagnosis at congressional hearing,,3375,2024-09-24 15:47:25,brett favre reveals parkinsons diagnosis congressional hearing
Missouri Supreme Court declines to halt Tuesday’s execution of a death row inmate who prosecutor says might be innocent,,16069,2024-09-24 08:58:25,missouri supreme court declines halt tuesday ’ execution death row inmate prosecutor says might innocent
"Haitian group seeks criminal charges vs. Trump, Vance in Springfield court filing",,2851,2024-09-24 16:01:43,haitian group seeks criminal charges vs trump vance springfield court filing
"10-year-old Texas student charged with 'terrorist threat' over hoax school shooting threat, police said",,1123,2024-09-24 18:27:21,yearold texas student charged terrorist threat hoax school shooting threat police said
Justice Department accuses Visa of debit network monopoly that affects the price of ‘nearly everything’,,784,2024-09-24 19:22:50,justice department accuses visa debit network monopoly affects price ‘ nearly everything ’
Policing group says officers must change how and when they use physical force on US streets,,1584,2024-09-24 15:01:40,policing group says officers must change use physical force us streets
Man smashes Ai Weiwei sculpture at exhibition opening in Italy,,1932,2024-09-24 13:43:14,man smashes ai weiwei sculpture exhibition opening italy
"Department of Justice sues Visa, alleges the card issuer monopolizes debit card markets",,465,2024-09-24 19:05:43,department justice sues visa alleges card issuer monopolizes debit card markets
US sues Visa for monopoly on debit card use affecting ‘price of nearly everything’,,285,2024-09-24 19:30:47,us sues visa monopoly debit card use affecting ‘ price nearly everything ’
"Iran was behind thousands of text messages calling for revenge over Quran burnings, Sweden says",,230,2024-09-24 17:08:42,iran behind thousands text messages calling revenge quran burnings sweden says
"Man accused of selling fake pills throughout U.S., running operation out of a garage turned ""lab"" in Connecticut",,742,2024-09-24 11:38:54,man accused selling fake pills throughout us running operation garage turned lab connecticut
Attention Kmart shoppers: The last full-size Kmart in the mainland United States is closing ,,4184,2024-09-24 02:05:44,attention kmart shoppers last fullsize kmart mainland united states closing
"FTX fraudster Caroline Ellison sentenced to 2 years in prison, ordered to forfeit $11 billion",,137,2024-09-24 20:16:10,ftx fraudster caroline ellison sentenced years prison ordered forfeit billion
'Dangerous' chemical leak spurs evacuation order in Cincinnati area,,110,2024-09-24 19:43:06,dangerous chemical leak spurs evacuation order cincinnati area
"Israel kills Hezbollah commander in airstrike on Beirut, security sources say",,240,2024-09-24 15:09:25,israel kills hezbollah commander airstrike beirut security sources say
Florida officials pressure schools to roll back sex ed lessons on contraception and consent,,3865,2024-09-24 00:16:00,florida officials pressure schools roll back sex ed lessons contraception consent
Colorado jurors find Boulder grocery store shooting gunman guilty of 10 counts of first-degree murder,,6793,2024-09-23 20:55:42,colorado jurors find boulder grocery store shooting gunman guilty counts firstdegree murder
Swiss police make arrests over suspected death in ‘suicide capsule’,,272,2024-09-24 13:30:32,swiss police make arrests suspected death ‘ suicide capsule ’
Helene forecast to rapidly intensify and hit Florida as a major hurricane,,3560,2024-09-23 21:56:07,helene forecast rapidly intensify hit florida major hurricane
"Tyreek Hill Hires Lawyers, Who Represented George Floyd’s Family, to Fight For Police Reform
News",,5727,2024-09-23 19:30:49,tyreek hill hires lawyers represented george floyd ’ family fight police reform news
Feds: Man accused in apparent assassination attempt left note indicating he intended to kill Trump,,5229,2024-09-23 19:09:24,feds man accused apparent assassination attempt left note indicating intended kill trump
Maryland files lawsuit against ship owner in Francis Scott Key Bridge collapse.,,45,2024-09-24 20:00:44,maryland files lawsuit ship owner francis scott key bridge collapse
Department won't provide election security after sheriff's posts about Harris yard signs | AP News,,19256,2024-09-23 12:24:39,department wont provide election security sheriffs posts harris yard signs ap news
Ex-USC star Reggie Bush sues for money school and others made off him two decades ago,,1546,2024-09-23 21:58:48,exusc star reggie bush sues money school others made two decades ago
"Hundreds of cars involved in illegal car meetups in Philadelphia, police say",,1134,2024-09-23 23:34:47,hundreds cars involved illegal car meetups philadelphia police say
"182 Killed, Over 700 Injured In Israeli Air Strikes on Southern Lebanon ",,7929,2024-09-23 13:39:22,killed injured israeli air strikes southern lebanon
US is sending more troops to the Middle East as violence rises between Israel and Hezbollah,,4466,2024-09-23 16:01:45,us sending troops middle east violence rises israel hezbollah
"Murder and other violent crime dropped across the U.S. last year, FBI data shows",,2360,2024-09-23 16:48:53,murder violent crime dropped across us last year fbi data shows
Egypt delivers more weapons to Somalia amid rising tensions with Ethiopia | Politics News,,247,2024-09-24 04:50:17,egypt delivers weapons somalia amid rising tensions ethiopia politics news
‘It’s guerrilla warfare’: Brazil fire teams fight Amazon blazes – and the arsonists who start them,,1870,2024-09-23 16:56:28,‘ ’ guerrilla warfare ’ brazil fire teams fight amazon blazes – arsonists start
Six-year-old abducted from California park in 1951 found alive after seven decades,,15060,2024-09-23 07:29:40,sixyearold abducted california park found alive seven decades
Former FTX executive Caroline Ellison gets two years in prison over fraud,,10,2024-09-24 20:38:56,former ftx executive caroline ellison gets two years prison fraud
'Cybersecurity issue' blamed for MoneyGram's ongoing outage,,373,2024-09-23 21:57:54,cybersecurity issue blamed moneygrams ongoing outage
Bulls on the run: Herd escapes rodeo at mall in Massachusetts,,774,2024-09-23 14:12:54,bulls run herd escapes rodeo mall massachusetts
2 dismissed from Pennsylvania college swim team after student allegedly scratched racial slur onto another student's body,,8500,2024-09-22 23:53:35,dismissed pennsylvania college swim team student allegedly scratched racial slur onto another students body
California governor signs law banning all plastic shopping bags at grocery stores,,28448,2024-09-22 20:34:50,california governor signs law banning plastic shopping bags grocery stores
Employment helps a young Somali overcome stigma against albinos,,0,2024-09-24 20:40:53,employment helps young somali overcome stigma albinos
"ALABAMA: Birmingham Police believe someone was ‘paid to kill targeted victim’ in mass shooting that killed 4, injured 17",,9290,2024-09-22 15:42:40,alabama birmingham police believe someone ‘ paid kill targeted victim ’ mass shooting killed injured
"Kate, the Princess of Wales, makes first public appearance after cancer treatment",,4693,2024-09-22 17:01:27,kate princess wales makes first public appearance cancer treatment
Elon Musk backs down in his fight with Brazilian judges to restore X,,7234,2024-09-22 13:07:21,elon musk backs fight brazilian judges restore x
Feds execute search warrant on new NYPD commissioner just over a week after he was appointed,,6958,2024-09-22 13:09:12,feds execute search warrant new nypd commissioner week appointed
Four dead and dozens hurt in Alabama mass shooting,,29761,2024-09-22 07:45:12,four dead dozens hurt alabama mass shooting
Egyptian medical team arrives in Mogadishu to offer surgeries for Somali citizens,,814,2024-09-22 16:08:19,egyptian medical team arrives mogadishu offer surgeries somali citizens
"India probing Netflix for visa violations, racial discrimination, email shows",,523,2024-09-22 15:27:51,india probing netflix visa violations racial discrimination email shows
Former Florida deputy who says he accidentally shot girlfriend while 'dry-firing' gun arrested for manslaughter,,7772,2024-09-22 00:42:34,former florida deputy says accidentally shot girlfriend dryfiring gun arrested manslaughter
Ukraine bans Telegram on official devices,,1840,2024-09-22 07:08:12,ukraine bans telegram official devices
Mom of suspect in Georgia school shooting indicted and is accused of taping a parent to a chair,,6318,2024-09-22 00:27:31,mom suspect georgia school shooting indicted accused taping parent chair
Israel raids and shuts down Al Jazeera’s bureau in Ramallah in the West Bank,,2819,2024-09-22 04:01:25,israel raids shuts al jazeera ’ bureau ramallah west bank
"Birmingham shooting results in 'multiple' casualties, police say",,1500,2024-09-22 06:54:05,birmingham shooting results multiple casualties police say
Alabama lawmaker arrested on domestic violence charge,,2988,2024-09-21 23:11:24,alabama lawmaker arrested domestic violence charge
FBI agents have boarded vessel managed by company whose other cargo ship collapsed Baltimore bridge,,4379,2024-09-21 20:06:07,fbi agents boarded vessel managed company whose cargo ship collapsed baltimore bridge
Former NYC Covid czar admitted he held 'private gatherings' during the height of the pandemic,,3561,2024-09-21 20:50:09,former nyc covid czar admitted held private gatherings height pandemic
"US to propose barring Chinese software, hardware in connected vehicles, sources say",,2247,2024-09-21 21:53:21,us propose barring chinese software hardware connected vehicles sources say
California firefighter arrested for allegedly starting 5 wildfires,,5268,2024-09-21 16:41:31,california firefighter arrested allegedly starting wildfires
Tens of thousands of bees found living in a Maine family’s farmhouse,,1033,2024-09-22 00:21:03,tens thousands bees found living maine family ’ farmhouse
NYPD releases bodycam footage of police shooting at Brooklyn subway platform,,4474,2024-09-21 16:33:30,nypd releases bodycam footage police shooting brooklyn subway platform
Sunken superyacht believed to contain watertight safes with sensitive intelligence data,,9891,2024-09-21 12:44:56,sunken superyacht believed contain watertight safes sensitive intelligence data
California firefighter arrested for allegedly starting 5 wildfires,,1448,2024-09-21 21:12:24,california firefighter arrested allegedly starting wildfires
"Court rules nearly 98,000 Arizonans whose citizenship hadn’t been confirmed can vote the full ballot",,8435,2024-09-21 12:00:31,court rules nearly arizonans whose citizenship ’ confirmed vote full ballot
B.C. minister 'disgusted' by RCMP officers' alleged chats,,430,2024-09-22 00:19:54,bc minister disgusted rcmp officers alleged chats
Gunfire outside a high school football game injures one and prompts a stadium evacuation,,1308,2024-09-21 16:37:23,gunfire outside high school football game injures one prompts stadium evacuation
Coquitlam Mounties could face dismissal over shocking group chat - BC | Globalnews.ca,,314,2024-09-22 00:21:32,coquitlam mounties could face dismissal shocking group chat bc globalnewsca
Ambassador denies US responsibility for Sinaloa violence as death toll rises over 50,,800,2024-09-21 17:25:38,ambassador denies us responsibility sinaloa violence death toll rises
Elon Musk didn’t show up for testimony in a probe over his $44 billion Twitter takeover. Now the SEC wants sanctions,,52597,2024-09-20 22:21:16,elon musk ’ show testimony probe billion twitter takeover sec wants sanctions
Cards Against Humanity sues Elon Musk's SpaceX for allegedly trespassing on Texas land,,12499,2024-09-20 19:30:22,cards humanity sues elon musks spacex allegedly trespassing texas land
Gangs within the Los Angeles County Sheriff's Department are banned with new policy,,3869,2024-09-20 23:06:18,gangs within los angeles county sheriffs department banned new policy
Georgia election board orders hand count of votes in US presidential contest,,15583,2024-09-20 16:37:17,georgia election board orders hand count votes us presidential contest
South Carolina death row inmate dies by state’s first lethal injection in 13 years,,1782,2024-09-20 23:59:11,south carolina death row inmate dies state ’ first lethal injection years
Rare Israeli airstrike in Beirut kills Hezbollah commander and more than a dozen others,,1187,2024-09-21 01:25:19,rare israeli airstrike beirut kills hezbollah commander dozen others
"Soldier pleads guilty to desertion for dash into North Korea, says he was ‘dissatisfied with work’",,2647,2024-09-20 20:34:31,soldier pleads guilty desertion dash north korea says ‘ dissatisfied work ’
Chechen warlord accuses Elon Musk of ‘remotely disabling’ his Cybertruck,,7101,2024-09-20 14:04:34,chechen warlord accuses elon musk ‘ remotely disabling ’ cybertruck
J&J unit files for bankruptcy to advance $10 billion talc settlement,,739,2024-09-21 01:25:29,jj unit files bankruptcy advance billion talc settlement
Flight diverted after passenger finds live mouse in meal,,3866,2024-09-20 16:28:34,flight diverted passenger finds live mouse meal
Russian Soldiers Charged With Killing U.S. Man Who Fought for Moscow in Eastern Ukraine,,2258,2024-09-20 18:53:38,russian soldiers charged killing us man fought moscow eastern ukraine
Western nations were desperate for Korean babies. Now many adoptees believe they were stolen,,1962,2024-09-20 17:05:35,western nations desperate korean babies many adoptees believe stolen
"Human remains recovered from vehicle that slammed into Houston-area pipeline, causing explosion",,457,2024-09-21 00:49:07,human remains recovered vehicle slammed houstonarea pipeline causing explosion
"Grandpa Pig, Thunderbirds and Daleks voice actor David Graham dies",,1414,2024-09-20 18:04:22,grandpa pig thunderbirds daleks voice actor david graham dies
"8 firefighters hurt, 2 critically, in fire truck rollover crash while returning from California wildfire",,595,2024-09-20 21:39:29,firefighters hurt critically fire truck rollover crash returning california wildfire
Israel kills top Hezbollah figure in Beirut strike,,748,2024-09-20 19:01:36,israel kills top hezbollah figure beirut strike
"Japanese student, 10, dies after stabbing in China",,5941,2024-09-20 05:56:18,japanese student dies stabbing china
"Constellation Energy to restart Three Mile Island nuclear plant, sell the power to Microsoft for AI",,1184,2024-09-20 12:04:29,constellation energy restart three mile island nuclear plant sell power microsoft ai
"Multiple grocery stores, clinics forced to evacuate after bomb threats in Springfield",,20352,2024-09-19 22:51:07,multiple grocery stores clinics forced evacuate bomb threats springfield
"'No work, no pay,' Samsung warns striking Indian workers as row escalates",,1076,2024-09-20 10:13:45,work pay samsung warns striking indian workers row escalates
Dutch prosecutors say man arrested after fatal stabbing is suspected of a terrorist motive,,271,2024-09-20 17:17:52,dutch prosecutors say man arrested fatal stabbing suspected terrorist motive
Coroner confirms 1 dead after Ky. sheriff accused of shooting judge at courthouse,,14635,2024-09-19 21:24:13,coroner confirms dead ky sheriff accused shooting judge courthouse
"Wisconsin boy, 12, shoots bear as it mauls his father",,4235,2024-09-20 01:57:45,wisconsin boy shoots bear mauls father
Nippon Steel to sell $211 mln in assets to manage debt amid U.S. Steel deal ,,830,2024-09-20 10:26:47,nippon steel sell mln assets manage debt amid us steel deal
"Port strike on US East Coast would spark supply-chain glitches from outset, shipping firm exec says",,369,2024-09-20 14:27:15,port strike us east coast would spark supplychain glitches outset shipping firm exec says
Ohio city’s mayor issues emergency order over false migrant rumors,,5778,2024-09-19 22:49:54,ohio city ’ mayor issues emergency order false migrant rumors
"GM to recall over 449,000 pickup trucks, SUVs in US",,572,2024-09-20 10:29:30,gm recall pickup trucks suvs us
Federal judge extends block on Biden’s student debt forgiveness plan,,3765,2024-09-19 23:55:16,federal judge extends block biden ’ student debt forgiveness plan
French woman responds with outrage after lawyers suggest she consented to a decade of rape,,23253,2024-09-19 17:10:52,french woman responds outrage lawyers suggest consented decade rape
Wall Street soars to records as Dow leaps 500 in rate-cut rally that swept the world,,4576,2024-09-19 21:14:38,wall street soars records dow leaps ratecut rally swept world
U.S. EPA Says it’s not Obligated to Regulate PFAS-laden Sludge Applied to Land,,1655,2024-09-20 02:00:32,us epa says ’ obligated regulate pfasladen sludge applied land
Martial arts teacher who knocked out burglar sentenced to community service and fine in Belgium.,,3555,2024-09-19 20:58:08,martial arts teacher knocked burglar sentenced community service fine belgium
27-year-old Nebraska man who posed as high schooler sentenced to at least 85 years for sex crimes,,24780,2024-09-19 13:30:38,yearold nebraska man posed high schooler sentenced least years sex crimes
Titan submersible's scientific director says the sub malfunctioned just prior to the Titanic dive,,759,2024-09-20 04:43:01,titan submersibles scientific director says sub malfunctioned prior titanic dive
